Game,Release year,Price,Userscore,Metascore,Publisher,Owners,Median playtime,Average playtime
Don't Starve Together Beta,2016,$14.99,96%,83%,Klei Entertainment,"5,553,465",7:55,22:34
Don't Starve,,$14.99,97%,79%,Klei Entertainment,"3,952,543",6:06,23:01
Mark of the Ninja,2012,$14.99,97%,91%,Klei Entertainment,"1,635,045",3:18,6:52
Crypt of the NecroDancer,2015,$14.99,97%,87%,Klei Entertainment,"658,947",4:11,11:42
Shank 2,2012,$9.99,84%,72%,Klei Entertainment,"602,076",1:44,3:25
Eets Munchies,2014,$6.99,80%,/,Klei Entertainment,"528,712",0:42,1:43
Shank,2010,$9.99,90%,67%,Klei Entertainment,"520,939",0:54,2:10
"Invisible, Inc.",2015,$19.99,93%,82%,Klei Entertainment,"286,441",3:45,10:33
