#,Game,Release date,Price,Score rank(Userscore / Metascore),Owners,Playtime (Median)
3,Don't Starve Together Beta,"Apr 21, 2016",$14.99,95% (96%/83%),"5,553,465",22:34 (07:55)
6,Don't Starve,,$14.99,98% (97%/79%),"3,952,543",23:01 (06:06)
1,Mark of the Ninja,"Oct 16, 2012",$14.99,98% (97%/91%),"1,635,045",06:52 (03:18)
2,Crypt of the NecroDancer,"Apr 23, 2015",$14.99,98% (97%/87%),"658,947",11:42 (04:11)
7,Shank 2,"Feb 7, 2012",$9.99,59% (84%/72%),"602,076",03:25 (01:44)
9,Eets Munchies,"Mar 11, 2014",$6.99,49% (80%),"528,712",01:43 (00:42)
8,Shank,"Oct 25, 2010",$9.99,77% (90%/67%),"520,939",02:10 (00:54)
4,"Invisible, Inc.","May 12, 2015",$19.99,87% (93%/82%),"286,441",10:33 (03:45)
